{"vertices":[[-0.88971496770809,0.11578892047605241,-0.35951028855064976],[0.69921303229191,-0.3762050795239476,0.5511967114493502],[-0.79159796770809,0.4941019204760524,0.2519587114493502],[-0.5224459677080899,-0.4066260795239476,-0.7042402885506498],[-0.52135196770809,0.6193429204760523,-0.7301642885506499],[0.70030703229191,0.6497629204760524,0.5252717114493501],[-0.42323496770809,0.9976549204760523,-0.11869428855064977],[0.96945903229191,-0.2509640795239476,-0.43092728855064977],[-0.28556996770809,0.5067019204760523,0.7719777114493502],[-0.15408296770809002,0.0969279204760524,-1.07489328855065],[1.0675760322919101,0.1273489204760524,0.18054271144935022],[0.08279303229190998,1.0102559204760524,0.40132371144935025],[0.09506903229190998,-0.7671180795239476,-0.5802912885506498],[0.33194403229191,0.1462089204760524,0.8959257114493502],[0.46343203229191,-0.2635650795239476,-0.9509452885506499],[0.60109603229191,-0.7545180795239477,-0.060273288550649784],[-0.6154209676362801,-0.11687111938742507,0.6016955909205688],[0.0020933259627336108,-0.4773647127168937,0.725644299386886],[-0.7135385842980135,-0.4951846510915257,-0.009772990981687718],[-0.09602429069899987,-0.8556782444209943,0.11417571748462953]],"name":"elongated square cupola","faces":[[2,6,4,0],[0,4,9,3],[3,9,14,12],[12,14,7,15],[15,7,10,1],[1,10,5,13],[13,5,11,8],[8,11,6,2],[14,9,4,6,11,5,10,7],[19,12,15],[17,1,13],[16,8,2],[18,0,3],[18,19,17,16],[19,18,3,12],[17,19,15,1],[16,17,13,8],[18,16,2,0]],"edges":[[2,6],[0,2],[0,4],[4,9],[3,9],[9,14],[12,14],[7,15],[7,10],[1,15],[1,10],[5,13],[5,11],[8,13],[8,11],[2,8],[4,6],[6,11],[5,10],[7,14],[12,15],[15,19],[1,13],[13,17],[2,16],[0,3],[3,18],[18,19],[16,18],[3,12],[12,19],[17,19],[1,17],[16,17],[8,16],[0,18]]}